{
  "region": "asia-south2",
  "generated_at": "2025-12-24T23:01:29",
  "predefined": {},
  "family_rates": {
    "e2": {
      "mem": 0.00351072,
      "cpu": 0.0261993
    },
    "n2": {
      "mem": 0.005088,
      "cpu": 0.03797
    },
    "n2d": {},
    "c2": {},
    "c2d": {}
  },
  "custom": {
    "cpu_per_core_hour": 0.0188268,
    "mem_per_gib_hour": 0.03622657
  }
}