{
  "region": "asia-northeast3",
  "generated_at": "2025-12-24T23:01:14",
  "predefined": {},
  "family_rates": {
    "e2": {
      "cpu": 0.02802642,
      "mem": 0.00373911
    },
    "n2": {
      "mem": 0.005441,
      "cpu": 0.040595
    },
    "n2d": {},
    "c2": {},
    "c2d": {}
  },
  "custom": {
    "cpu_per_core_hour": 0.0426489,
    "mem_per_gib_hour": 0.003759429
  }
}