{
  "region": "asia-northeast1",
  "generated_at": "2025-12-24T23:01:14",
  "predefined": {},
  "family_rates": {
    "e2": {
      "mem": 0.00373911,
      "cpu": 0.02802642
    },
    "n2": {
      "mem": 0.005419,
      "cpu": 0.040618
    },
    "n2d": {},
    "c2": {},
    "c2d": {}
  },
  "custom": {
    "cpu_per_core_hour": 0.0237619,
    "mem_per_gib_hour": 0.003947401
  }
}