{
  "region": "europe-north1",
  "generated_at": "2025-12-24T23:03:02",
  "predefined": {},
  "family_rates": {
    "e2": {
      "cpu": 0.02401614,
      "mem": 0.00321816
    },
    "n2": {
      "cpu": 0.034806,
      "mem": 0.004664
    },
    "n2d": {},
    "c2": {},
    "c2d": {}
  },
  "custom": {
    "cpu_per_core_hour": 0.003815312,
    "mem_per_gib_hour": 0.0004058
  }
}