{
  "region": "europe-west3",
  "generated_at": "2025-12-24T23:03:45",
  "predefined": {},
  "family_rates": {
    "e2": {
      "mem": 0.00376602,
      "cpu": 0.0281037
    },
    "n2": {
      "cpu": 0.04073,
      "mem": 0.005458
    },
    "n2d": {},
    "c2": {},
    "c2d": {}
  },
  "custom": {
    "cpu_per_core_hour": 0.029449516,
    "mem_per_gib_hour": 0.000464684
  }
}