{
  "region": "me-central1",
  "generated_at": "2025-12-24T23:04:18",
  "predefined": {},
  "family_rates": {
    "e2": {
      "mem": 0.003552089,
      "cpu": 0.02650108
    },
    "n2": {
      "cpu": 0.03840737,
      "mem": 0.005147955
    },
    "n2d": {},
    "c2": {},
    "c2d": {}
  },
  "custom": {
    "cpu_per_core_hour": 0.05359365,
    "mem_per_gib_hour": 0.00478467
  }
}