{
  "region": "us-west2",
  "generated_at": "2025-12-24T23:06:06",
  "predefined": {},
  "family_rates": {
    "e2": {
      "cpu": 0.0261993,
      "mem": 0.00351141
    },
    "n2": {
      "mem": 0.005089,
      "cpu": 0.03797
    },
    "n2d": {},
    "c2": {},
    "c2d": {}
  },
  "custom": {
    "cpu_per_core_hour": 0.0261993,
    "mem_per_gib_hour": 0.008000336
  }
}